site_id,priority,clinic,province,district,backhaul_cluster,cluster_tier,rollout_phase,address,latitude,longitude,geocode_source,geocode_confidence,recommended_access_technology,notes,dfa_status,dfa_nearnet_distance_m,dfa_products_available,dfa_reference,checked_date
UNJ-032,1,Alexandra,Gauteng,City of Jhb,Gauteng Core Metro,1,1,"Alexandra Plaza, Cnr 2nd & 3rd Avenue, Wynberg, Alexandra",-26.1077526,28.0866494,Google Places,AUTO-GEOCODED,Fibre first; Tarana FWB 50 Mbps where no fibre; 5G tertiary,,,,,,
UNJ-073,1,Alliance,Gauteng,Ekurhuleni,Gauteng Core Metro,1,1,"2135 Modderbee Road, next to Usave, Alliance, Benoni",-26.1764651,28.4220229,Google Places,AUTO-GEOCODED,Fibre first; Tarana FWB 50 Mbps where no fibre; 5G tertiary,,,,,,
UNJ-074,1,Barcelona,Gauteng,Ekurhuleni,Gauteng Core Metro,1,1,"21968 Thebedi Street, Barcelona Office, Etwatwa",-26.1093349,28.4529312,Google Places,AUTO-GEOCODED,Fibre first; Tarana FWB 50 Mbps where no fibre; 5G tertiary,,,,,,
UNJ-075,1,Benoni,Gauteng,Ekurhuleni,Gauteng Core Metro,1,1,"92 Kemston Avenue, Benoni",-26.1873205,28.3139269,Google Places,AUTO-GEOCODED,Fibre first; Tarana FWB 50 Mbps where no fibre; 5G tertiary,,,,,,
UNJ-033,1,Berea,Gauteng,City of Jhb,Gauteng Core Metro,1,1,"The Alec Building, 41 Catherine Avenue, Berea",-26.1886345,28.052247,Google Places,AUTO-GEOCODED,Fibre first; Tarana FWB 50 Mbps where no fibre; 5G tertiary,,,,,,
UNJ-034,1,Braamfischerville,Gauteng,City of Jhb,Gauteng Core Metro,1,1,"Stand 5636, Cnr Braamfischerville and Unit Road, Braamfischerville, Soweto",-26.2023193,27.8684658,Google Places,AUTO-GEOCODED,Fibre first; Tarana FWB 50 Mbps where no fibre; 5G tertiary,,,,,,
UNJ-076,1,Carnival Green,Gauteng,Ekurhuleni,Gauteng Core Metro,1,1,"616 Dinare Street Ext 7, Salfin, Carnival Green, Boksburg",-26.2693099,28.2944364,Google Places,AUTO-GEOCODED,Fibre first; Tarana FWB 50 Mbps where no fibre; 5G tertiary,,,,,,
UNJ-077,1,Chloorkop,Gauteng,Ekurhuleni,Gauteng Core Metro,1,1,"Christ Community Ministries, 3430 Successor Street, Chloorkop, Phomolong, Tembisa",-26.0384457,28.1843814,Google Places,AUTO-GEOCODED,Fibre first; Tarana FWB 50 Mbps where no fibre; 5G tertiary,,,,,,
UNJ-078,1,Clayville,Gauteng,Ekurhuleni,Gauteng Core Metro,1,1,"2176 Antimony Street, Clayville Ext 26, Olifantsfontein",-25.9566041,28.2007826,Google Places,AUTO-GEOCODED,Fibre first; Tarana FWB 50 Mbps where no fibre; 5G tertiary,,,,,,
UNJ-035,1,Cosmo City,Gauteng,City of Jhb,Gauteng Core Metro,1,1,"Cosmo City Baptist Church, 212 Oklahoma Drive, Cosmo City",-26.019046,27.933947,CircleTel pilot survey,FIELD-VERIFIED,Fibre first; Tarana FWB 50 Mbps where no fibre; 5G tertiary,ADDRESS CONFLICT: public locator says 212 Oklahoma Drive; CircleTel pilot record says 35 Massachussets Crescent - confirm before relying on result,,,,,
UNJ-079,1,Daveyton,Gauteng,Ekurhuleni,Gauteng Core Metro,1,1,"30443 Mangethe Street, Daveyton Ext 06",-26.1633644,28.3979321,Google Places,AUTO-GEOCODED,Fibre first; Tarana FWB 50 Mbps where no fibre; 5G tertiary,,,,,,
UNJ-036,1,Diepsloot,Gauteng,City of Jhb,Gauteng Core Metro,1,1,"Diepsloot Mall, R511 and 1st Avenue, Diepsloot",-25.9418683,28.0189944,Google Places,AUTO-GEOCODED,Fibre first; Tarana FWB 50 Mbps where no fibre; 5G tertiary,,,,,,
UNJ-080,1,Duduza,Gauteng,Ekurhuleni,Gauteng Core Metro,1,1,"2098 Mandela Street, Bluegumview, Duduza, Nigel",-26.3840916,28.3958405,Google Places,AUTO-GEOCODED,Fibre first; Tarana FWB 50 Mbps where no fibre; 5G tertiary,,,,,,
UNJ-037,1,Ebony Park,Gauteng,City of Jhb,Gauteng Core Metro,1,1,"160529 September Drive, Ebony Park, Midrand",-25.9998869,28.1786053,Google Places,AUTO-GEOCODED,Fibre first; Tarana FWB 50 Mbps where no fibre; 5G tertiary,,,,,,
UNJ-038,1,Fleurhof,Gauteng,City of Jhb,Gauteng Core Metro,1,1,"Cnr Drumstick & Lavender Road, Ext 26, Fleurhof, Florida",-26.2058001,27.9143102,Google Places,AUTO-GEOCODED,Fibre first; Tarana FWB 50 Mbps where no fibre; 5G tertiary,,,,,,
UNJ-039,1,Freedom Park,Gauteng,City of Jhb,Gauteng Core Metro,1,1,"No 7 Old Vereeniging Road, Devland Ext 9, Freedom Park",-26.2847398,27.9438696,Google Places,AUTO-GEOCODED,Fibre first; Tarana FWB 50 Mbps where no fibre; 5G tertiary,,,,,,
UNJ-081,1,Germiston,Gauteng,Ekurhuleni,Gauteng Core Metro,1,1,"250 Victoria Street, Germiston",-26.2166418,28.1669577,Google Places,AUTO-GEOCODED,Fibre first; Tarana FWB 50 Mbps where no fibre; 5G tertiary,,,,,,
UNJ-082,1,Greenfield,Gauteng,Ekurhuleni,Gauteng Core Metro,1,1,"773 Umbrella Street, Greenfield",-26.3926115,28.1326177,Google Places,AUTO-GEOCODED,Fibre first; Tarana FWB 50 Mbps where no fibre; 5G tertiary,,,,,,
UNJ-083,1,Hospital View,Gauteng,Ekurhuleni,Gauteng Core Metro,1,1,"Apostolic Gospel Church, Cnr Goniwe & Reverend RTG Namane Drive, Hospital View, Tembisa",-25.9935913,28.2457752,Google Places,AUTO-GEOCODED,Fibre first; Tarana FWB 50 Mbps where no fibre; 5G tertiary,,,,,,
UNJ-040,1,Jabulani,Gauteng,City of Jhb,Gauteng Core Metro,1,1,"2188 Koma Road, Jabulani, Soweto",-26.2463199,27.8549103,Google Places,AUTO-GEOCODED,Fibre first; Tarana FWB 50 Mbps where no fibre; 5G tertiary,,,,,,
UNJ-055,1,Karen Park,Gauteng,City of Tshwane,Gauteng Core Metro,1,1,"78 Dieffenbachia Street, Karen Park, Akasia",-25.6693787,28.1128345,Google Places,AUTO-GEOCODED,Fibre first; Tarana FWB 50 Mbps where no fibre; 5G tertiary,,,,,,
UNJ-084,1,Katlehong,Gauteng,Ekurhuleni,Gauteng Core Metro,1,1,"1029 Kgotso Street, Twala Section, Katlehong",-26.332786,28.1448084,Google Places,AUTO-GEOCODED,Fibre first; Tarana FWB 50 Mbps where no fibre; 5G tertiary,,,,,,
UNJ-085,1,Kempton Park,Gauteng,Ekurhuleni,Gauteng Core Metro,1,1,"42 Monument Road, Kempton Park",-26.0963626,28.234692,Google Places,AUTO-GEOCODED,Fibre first; Tarana FWB 50 Mbps where no fibre; 5G tertiary,,,,,,
UNJ-086,1,Kopanong,Gauteng,Ekurhuleni,Gauteng Core Metro,1,1,"Living Waters Bible Church, Cnr Andrew Mapheto & Thami Mnyele, Kopanong, Tembisa",-26.0011647,28.224232,Google Places,AUTO-GEOCODED,Fibre first; Tarana FWB 50 Mbps where no fibre; 5G tertiary,,,,,,
UNJ-087,1,KwaThema,Gauteng,Ekurhuleni,Gauteng Core Metro,1,1,"10525 Shabangu Street, KwaThema, Springs",-26.2977662,28.4021959,Google Places,AUTO-GEOCODED,Fibre first; Tarana FWB 50 Mbps where no fibre; 5G tertiary,,,,,,
UNJ-088,1,Langaville,Gauteng,Ekurhuleni,Gauteng Core Metro,1,1,"19532 Black Road, Langaville, Brakpan",-26.3145132,28.3888111,Google Places,AUTO-GEOCODED,Fibre first; Tarana FWB 50 Mbps where no fibre; 5G tertiary,,,,,,
UNJ-041,1,Lenasia South,Gauteng,City of Jhb,Gauteng Core Metro,1,1,"6652 Karasberg Street, Ext 4, Lenasia South",-26.3958933,27.8760677,Google Places,AUTO-GEOCODED,Fibre first; Tarana FWB 50 Mbps where no fibre; 5G tertiary,,,,,,
UNJ-042,1,Lens Ext 10,Gauteng,City of Jhb,Gauteng Core Metro,1,1,"Usave, Volta Street, Lenasia Ext 10",-26.3406512,27.8727646,Google Places,AUTO-GEOCODED,Fibre first; Tarana FWB 50 Mbps where no fibre; 5G tertiary,,,,,,
UNJ-089,1,Leondale,Gauteng,Ekurhuleni,Gauteng Core Metro,1,1,"26 Heather Road, Roodekop, Germiston",-26.3022602,28.1797095,Google Places,AUTO-GEOCODED,Fibre first; Tarana FWB 50 Mbps where no fibre; 5G tertiary,,,,,,
UNJ-057,1,Lusaka,Gauteng,City of Tshwane,Gauteng Core Metro,1,1,"131 Lehong Street, Mamelodi East Ext 22, Mamelodi",-25.7146255,28.4345322,Google Places,AUTO-GEOCODED,Fibre first; Tarana FWB 50 Mbps where no fibre; 5G tertiary,,,,,,
UNJ-043,1,Malvern,Gauteng,City of Jhb,Gauteng Core Metro,1,1,"Cnr Tooronga Street and 30th Street, Malvern",-26.2026206,28.1150079,Google Places,AUTO-GEOCODED,Fibre first; Tarana FWB 50 Mbps where no fibre; 5G tertiary,,,,,,
UNJ-058,1,Mamelodi,Gauteng,City of Tshwane,Gauteng Core Metro,1,1,"Denlyn Shopping Centre, Cnr Watloo & Stormvoel Road, Mamelodi West",-25.7146942,28.3310168,Google Places,AUTO-GEOCODED,Fibre first; Tarana FWB 50 Mbps where no fibre; 5G tertiary,,,,,,
UNJ-059,1,Mamelodi West,Gauteng,City of Tshwane,Gauteng Core Metro,1,1,"1518-1528 Shabangu Avenue, Mamelodi West, MD1",-25.7092861,28.361871,Google Places,AUTO-GEOCODED,Fibre first; Tarana FWB 50 Mbps where no fibre; 5G tertiary,,,,,,
UNJ-090,1,Mayfield,Gauteng,Ekurhuleni,Gauteng Core Metro,1,1,"Plot 30, Lurie Road, across Mayfield Square, Putfontein",-26.1336417,28.4113206,Google Places,AUTO-GEOCODED,Fibre first; Tarana FWB 50 Mbps where no fibre; 5G tertiary,,,,,,
UNJ-060,1,Midway Chiawelo,Gauteng,City of Tshwane,Gauteng Core Metro,1,1,"17 Gateway Street, Klipriviersoog, Soweto",-26.2892423,27.8469855,Google Places,AUTO-GEOCODED,Fibre first; Tarana FWB 50 Mbps where no fibre; 5G tertiary,,,,,,
UNJ-062,1,Nellmapius,Gauteng,City of Tshwane,Gauteng Core Metro,1,1,"385 Kaizer Chiefs Road, Nellmapius, Pretoria",-25.7355629,28.3693212,Google Places,AUTO-GEOCODED,Fibre first; Tarana FWB 50 Mbps where no fibre; 5G tertiary,,,,,,
UNJ-044,1,Newlands,Gauteng,City of Jhb,Gauteng Core Metro,1,1,"142 Main Road, Newlands",-26.1760293,27.9675853,Google Places,AUTO-GEOCODED,Fibre first; Tarana FWB 50 Mbps where no fibre; 5G tertiary,,,,,,
UNJ-063,1,Olievenhoutbos,Gauteng,City of Tshwane,Gauteng Core Metro,1,1,"Absa Park, Morudi Street, Olievenhoutbos",-25.9028498,28.0967811,Google Places,AUTO-GEOCODED,Fibre first; Tarana FWB 50 Mbps where no fibre; 5G tertiary,,,,,,
UNJ-045,1,Orlando,Gauteng,City of Jhb,Gauteng Core Metro,1,1,"Anchor High School, 10894 Mabasotho Street, Orlando West, Soweto",-26.2197402,27.915497,Google Places,AUTO-GEOCODED,Fibre first; Tarana FWB 50 Mbps where no fibre; 5G tertiary,,,,,,
UNJ-046,1,Phiri,Gauteng,City of Jhb,Gauteng Core Metro,1,1,"69 Dingaan Street, Phiri, Soweto",-26.2703855,27.8546382,Google Places,AUTO-GEOCODED,Fibre first; Tarana FWB 50 Mbps where no fibre; 5G tertiary,,,,,,
UNJ-047,1,Pimville,Gauteng,City of Jhb,Gauteng Core Metro,1,1,"8468 Mndoni Street, Pimville Zone 6, Pimville",-26.2672826,27.910496,Google Places,AUTO-GEOCODED,Fibre first; Tarana FWB 50 Mbps where no fibre; 5G tertiary,,,,,,
UNJ-064,1,Pretoria North,Gauteng,City of Tshwane,Gauteng Core Metro,1,1,"Shoprite Centre, 23 Ben Viljoen Street, Pretoria North",-25.6761551,28.1738496,Google Places,AUTO-GEOCODED,Fibre first; Tarana FWB 50 Mbps where no fibre; 5G tertiary,,,,,,
UNJ-065,1,Pretoria West,Gauteng,City of Tshwane,Gauteng Core Metro,1,1,"441 Frederick Street, Pretoria West",-25.7495632,28.1550655,Google Places,AUTO-GEOCODED,Fibre first; Tarana FWB 50 Mbps where no fibre; 5G tertiary,,,,,,
UNJ-091,1,Primrose,Gauteng,Ekurhuleni,Gauteng Core Metro,1,1,"136 Rietfontein Road, Primrose Square, Primrose",-26.1885676,28.163113,Google Places,AUTO-GEOCODED,Fibre first; Tarana FWB 50 Mbps where no fibre; 5G tertiary,,,,,,
UNJ-048,1,Protea Glen,Gauteng,City of Jhb,Gauteng Core Metro,1,1,"Stand 11172, Cnr Wattle & Viburnum Street, Protea Glen, Soweto",-26.2820619,27.8119892,Google Places,AUTO-GEOCODED,Fibre first; Tarana FWB 50 Mbps where no fibre; 5G tertiary,,,,,,
UNJ-092,1,Ramaphosa,Gauteng,Ekurhuleni,Gauteng Core Metro,1,1,"1652 Fish Eagle Street, Ramaphosa",-26.2320173,28.2076771,Google Places,AUTO-GEOCODED,Fibre first; Tarana FWB 50 Mbps where no fibre; 5G tertiary,,,,,,
UNJ-066,1,Rosslyn,Gauteng,City of Tshwane,Gauteng Core Metro,1,1,"12 Piet Rautenbach Street, Rosslyn",-25.616091,28.0887876,Google Places,AUTO-GEOCODED,Fibre first; Tarana FWB 50 Mbps where no fibre; 5G tertiary,,,,,,
UNJ-093,1,Slovo Park,Gauteng,Ekurhuleni,Gauteng Core Metro,1,1,"117 Mahlambandlovu Drive, Slovo Park Phase Park",-26.2091339,28.4812483,Google Places,AUTO-GEOCODED,Fibre first; Tarana FWB 50 Mbps where no fibre; 5G tertiary,,,,,,
UNJ-094,1,Sontonga Mall,Gauteng,Ekurhuleni,Gauteng Core Metro,1,1,"Sontonga Mall, Cnr SS Setai Street & AM Hlongwane Street, Katlehong",-26.3771667,28.1623833,Google Places,AUTO-GEOCODED,Fibre first; Tarana FWB 50 Mbps where no fibre; 5G tertiary,,,,,,
UNJ-070,1,Sunnyside,Gauteng,City of Tshwane,Gauteng Core Metro,1,1,"13/822 Gerhard Moerdyk Street, Sunnyside, Pretoria",-25.7524928,28.1985776,Google Places,AUTO-GEOCODED,Fibre first; Tarana FWB 50 Mbps where no fibre; 5G tertiary,,,,,,
UNJ-095,1,Tokoza,Gauteng,Ekurhuleni,Gauteng Core Metro,1,1,"263 Khumalo Street, Tokoza",-26.340183,28.1390544,Google Places,AUTO-GEOCODED,Fibre first; Tarana FWB 50 Mbps where no fibre; 5G tertiary,,,,,,
UNJ-096,1,Tsakane,Gauteng,Ekurhuleni,Gauteng Core Metro,1,1,"Stand 32026, Cnr Vukuzenzele & Modjadji Street, Tsakane Ext 12",-26.3568765,28.369882,Google Places,AUTO-GEOCODED,Fibre first; Tarana FWB 50 Mbps where no fibre; 5G tertiary,,,,,,
UNJ-049,1,Turffontein,Gauteng,City of Jhb,Gauteng Core Metro,1,1,"132 Hay Street, Turffontein, Johannesburg",-26.2439192,28.0385857,Google Places,AUTO-GEOCODED,Fibre first; Tarana FWB 50 Mbps where no fibre; 5G tertiary,,,,,,
UNJ-097,1,Villa Lisa,Gauteng,Ekurhuleni,Gauteng Core Metro,1,1,"2092 Lama Street, Ext 2, Villa Lisa",-26.3279032,28.25928,Google Places,AUTO-GEOCODED,Fibre first; Tarana FWB 50 Mbps where no fibre; 5G tertiary,,,,,,
UNJ-098,1,Vosloorus,Gauteng,Ekurhuleni,Gauteng Core Metro,1,1,"1934 Roets Drive Ext 1, Vosloorus",-26.3602111,28.1970297,Google Places,AUTO-GEOCODED,Fibre first; Tarana FWB 50 Mbps where no fibre; 5G tertiary,,,,,,
UNJ-099,1,Wattville,Gauteng,Ekurhuleni,Gauteng Core Metro,1,1,"3144 Xuma Street, Wattville, Benoni",-26.2226105,28.3024233,Google Places,AUTO-GEOCODED,Fibre first; Tarana FWB 50 Mbps where no fibre; 5G tertiary,,,,,,
UNJ-050,1,Wemmer,Gauteng,City of Jhb,Gauteng Core Metro,1,1,"Faraday Taxi Rank, Faraday Street, Wemmer",-26.212237,28.0449673,Google Places,AUTO-GEOCODED,Fibre first; Tarana FWB 50 Mbps where no fibre; 5G tertiary,,,,,,
UNJ-100,1,Windmill Park,Gauteng,Ekurhuleni,Gauteng Core Metro,1,1,"130 East Central Road, Windmill Park, Boksburg",-26.2897902,28.2624332,Google Places,AUTO-GEOCODED,Fibre first; Tarana FWB 50 Mbps where no fibre; 5G tertiary,,,,,,
UNJ-101,1,Wright Park,Gauteng,Ekurhuleni,Gauteng Core Metro,1,1,"71 Springs West Road, Wright Park, Springs",-26.2678406,28.4081637,Google Places,AUTO-GEOCODED,Fibre first; Tarana FWB 50 Mbps where no fibre; 5G tertiary,,,,,,
UNJ-051,1,Zandspruit,Gauteng,City of Jhb,Gauteng Core Metro,1,1,"No 60, Beyers Naude Drive, Zandspruit",-26.0632964,27.9051799,Google Places,AUTO-GEOCODED,Fibre first; Tarana FWB 50 Mbps where no fibre; 5G tertiary,,,,,,
UNJ-002,2,Amalinda,Eastern Cape,Buffalo City,Buffalo City Metro,3,2,"1 Ben Howe Place, Saxilby Road, Amalinda, East London",-32.9914533,27.8651685,Google Places,AUTO-GEOCODED,Fibre first; 5G / LTE fallback,,,,,,
UNJ-015,2,Cleary Estate,Eastern Cape,Nelson Mandela,Nelson Mandela Bay Metro,3,2,"8 Norman Middelton Street, Cleary Estate, Gqeberha",-33.8959935,25.5286619,Google Places,AUTO-GEOCODED,Fibre first; 5G / LTE fallback,,,,,,
UNJ-003,2,Gillwell,Eastern Cape,Buffalo City,Buffalo City Metro,3,2,"Shop T9, Cnr Gillwell & Fleet Street, Gillwell Mall, East London",-33.02012,27.9014327,Google Places,AUTO-GEOCODED,Fibre first; 5G / LTE fallback,,,,,,
UNJ-016,2,Gqeberha,Eastern Cape,Nelson Mandela,Nelson Mandela Bay Metro,3,2,"681 Govan Mbeki Avenue, North End, Gqeberha",-33.9412222,25.6057778,Google Places,AUTO-GEOCODED,Fibre first; 5G / LTE fallback,,,,,,
UNJ-017,2,Kwa-Nobuhle,Eastern Cape,Nelson Mandela,Nelson Mandela Bay Metro,3,2,"1 Dalindyebo Avenue, Kwa-Nobuhle",-33.8038821,25.3952797,Google Places,AUTO-GEOCODED,Fibre first; 5G / LTE fallback,,,,,,
UNJ-018,2,Kwazakhele,Eastern Cape,Nelson Mandela,Nelson Mandela Bay Metro,3,2,"Masakhisizwe Resource Centre, Daku Road, Kwazakhele, Gqeberha",-33.8747282,25.5831136,Google Places,AUTO-GEOCODED,Fibre first; 5G / LTE fallback,,,,,,
UNJ-004,2,Mdantsane,Eastern Cape,Buffalo City,Buffalo City Metro,3,2,"Masikhule Nursery School, 9830 NU 2, Mdantsane Highway",-32.9440823,27.7576496,Google Places,AUTO-GEOCODED,Fibre first; 5G / LTE fallback,,,,,,
UNJ-019,2,Motherwell,Eastern Cape,Nelson Mandela,Nelson Mandela Bay Metro,3,2,"4 Xabane Street, NU5 Motherwell, Gqeberha",-33.8247168,25.5946111,Google Places,AUTO-GEOCODED,Fibre first; 5G / LTE fallback,,,,,,
UNJ-005,2,Scenery Park,Eastern Cape,Buffalo City,Buffalo City Metro,3,2,"35899 Scenery Park, Main Road, East London",-32.9930369,27.8239988,Google Places,AUTO-GEOCODED,Fibre first; 5G / LTE fallback,,,,,,
UNJ-020,2,Uitenhage,Eastern Cape,Nelson Mandela,Nelson Mandela Bay Metro,3,2,"131 Acacia Street, Uitenhage (Kariega)",-33.7418989,25.3720013,Google Places,AUTO-GEOCODED,Fibre first; 5G / LTE fallback,,,,,,
UNJ-021,2,Walmer,Eastern Cape,Nelson Mandela,Nelson Mandela Bay Metro,3,2,"Cnr 6th Avenue and Heugh Road, Walmer, Gqeberha",-33.9814945,25.597013,Google Places,AUTO-GEOCODED,Fibre first; 5G / LTE fallback,,,,,,
UNJ-006,2,Zwelitsha,Eastern Cape,Buffalo City,Buffalo City Metro,3,2,"Stand 2958, next to Civic Centre, Zone 7, Zwelitsha, King Williams Town",-32.9213757,27.4211461,Google Places,AUTO-GEOCODED,Fibre first; 5G / LTE fallback,,,,,,
UNJ-117,2,Bridge City KwaMashu,KwaZulu-Natal,Ethekwini,eThekwini Metro,2,2,"Bridge City Shopping Centre, Nogwaja Road & Bridge City Boulevard, KwaMashu",-29.7283118,30.9869354,Google Places,AUTO-GEOCODED,Fibre first; Tarana FWB 50 Mbps where no fibre,,,,,,
UNJ-118,2,Durban,KwaZulu-Natal,Ethekwini,eThekwini Metro,2,2,"135 Anton Lembede Street, Durban",-29.8583142,31.0315322,Google Places,AUTO-GEOCODED,Fibre first; Tarana FWB 50 Mbps where no fibre,,,,,,
UNJ-119,2,Illovu,KwaZulu-Natal,Ethekwini,eThekwini Metro,2,2,"R603, Illovu, Fundikhono, Mchunu",-30.0557837,30.8120669,Google Places,AUTO-GEOCODED,Fibre first; Tarana FWB 50 Mbps where no fibre,,,,,,
UNJ-120,2,Inanda,KwaZulu-Natal,Ethekwini,eThekwini Metro,2,2,"M25 Main Road, Matikwe Area, Inanda",-29.6934163,30.9337636,Google Places,AUTO-GEOCODED,Fibre first; Tarana FWB 50 Mbps where no fibre,,,,,,
UNJ-121,2,Isipingo,KwaZulu-Natal,Ethekwini,eThekwini Metro,2,2,"19 Jadwat Street, Isipingo",-29.9819722,30.9256111,Google Places,AUTO-GEOCODED,Fibre first; Tarana FWB 50 Mbps where no fibre,,,,,,
UNJ-122,2,Phoenix,KwaZulu-Natal,Ethekwini,eThekwini Metro,2,2,"28 Corkbrook Close, Brookdale, Phoenix",-29.6847074,30.9935456,Google Places,AUTO-GEOCODED,Fibre first; Tarana FWB 50 Mbps where no fibre,,,,,,
UNJ-123,2,Redhill,KwaZulu-Natal,Ethekwini,eThekwini Metro,2,2,"1101 Chris Hani Road, Redhill",-29.7736149,31.024332,Google Places,AUTO-GEOCODED,Fibre first; Tarana FWB 50 Mbps where no fibre,,,,,,
UNJ-124,2,Riverview,KwaZulu-Natal,Ethekwini,eThekwini Metro,2,2,"140 Cnr Ngwele and Brackenhill Road, Riverview",-29.7375554,30.798945,Google Places,AUTO-GEOCODED,Fibre first; Tarana FWB 50 Mbps where no fibre,,,,,,
UNJ-125,2,Umbumbulu,KwaZulu-Natal,Ethekwini,eThekwini Metro,2,2,"R603 Umbumbulu opposite Mkhize Road, Umbumbulu",-29.99708,30.792473,Google Places,AUTO-GEOCODED,Fibre first; Tarana FWB 50 Mbps where no fibre,,,,,,
UNJ-126,2,Umlazi,KwaZulu-Natal,Ethekwini,eThekwini Metro,2,2,"341 Griffiths Mxenge Highway, KwaMnyandu Shopping Centre, Umlazi",-29.9719108,30.906719,Google Places,AUTO-GEOCODED,Fibre first; Tarana FWB 50 Mbps where no fibre,,,,,,
UNJ-127,2,Verulam,KwaZulu-Natal,Ethekwini,eThekwini Metro,2,2,"53 Todd Street, Verulam",-29.6443047,31.0464958,Google Places,AUTO-GEOCODED,Fibre first; Tarana FWB 50 Mbps where no fibre,,,,,,
UNJ-256,2,Cravenby,Western Cape,City of Cape Town,Cape Town Metro,3,2,"2 Jade Close, Cravenby",-33.9235771,18.5885183,Google Places,AUTO-GEOCODED,Fibre first; 5G / LTE fallback,,,,,,
UNJ-260,2,Kayamandi,Western Cape,Stellenbosch,Cape Town Metro,3,2,"1188a Masitandane Road, Kayamandi, Stellenbosch",-33.9159729,18.849594,Google Places,AUTO-GEOCODED,Fibre first; 5G / LTE fallback,,,,,,
UNJ-257,2,Kraaifontein,Western Cape,City of Cape Town,Cape Town Metro,3,2,"Shell Vos Motors, 98 Voortrekker Road, Belmont Park, Kraaifontein",-33.8508936,18.7322102,Google Places,AUTO-GEOCODED,Fibre first; 5G / LTE fallback,,,,,,
UNJ-258,2,Makhaza,Western Cape,City of Cape Town,Cape Town Metro,3,2,"Makhaza Shopping Centre, Cnr Japhta K Masemola Road and Cekeca Road, Khayelitsha",-34.0467623,18.7023358,Google Places,AUTO-GEOCODED,Fibre first; 5G / LTE fallback,,,,,,
UNJ-022,3,Addo,Eastern Cape,Sarah Baartman,Sarah Baartman,4,5,"470 Aloe Street, Valencia, Addo",-33.5553889,25.6935556,Google Places,AUTO-GEOCODED,LTE uncapped; LEO satellite fallback,,,,,,
UNJ-014,3,Butterworth,Eastern Cape,Mnquma,EC Interior,3,4,"Zazulwana area, N2 opposite Shell Garage, Butterworth",-32.2921484,28.2087034,Google Places,AUTO-GEOCODED,LTE uncapped primary; Tarana where tower LOS exists,,,,,,
UNJ-008,3,Cofimvaba,Eastern Cape,Chris Hani,EC Interior,3,4,"No 3805 Cnr Bellair and High Street, Cofimvaba",-32.0014538,27.5801133,Google Places,AUTO-GEOCODED,LTE uncapped primary; Tarana where tower LOS exists,,,,,,
UNJ-001,3,Dutywa,Eastern Cape,Amatole,EC Interior,3,4,"Mission location, Colosa A/A, Dutywa",-32.0630943,28.3292868,Google Places,AUTO-GEOCODED,LTE uncapped primary; Tarana where tower LOS exists,,,,,,
UNJ-010,3,Engcobo,Eastern Cape,Dr AB Xuma,EC Interior,3,4,"65 Church Street, behind Weirs Cash and Carry, Engcobo",-31.674386,27.998605,Google Places,AUTO-GEOCODED,LTE uncapped primary; Tarana where tower LOS exists,,,,,,
UNJ-007,3,Kirkwood,Eastern Cape,Cacadu District,Sarah Baartman,4,5,"29 Harrod Street, Kirkwood",-33.4000753,25.4457431,Google Places,AUTO-GEOCODED,LTE uncapped; LEO satellite fallback,,,,,,
UNJ-009,3,Komani,Eastern Cape,Chris Hani,EC Interior,3,4,"Stand 1663, Sabata Street, Mlungisi Township, Komani",-31.9050985,26.8679599,Google Places,AUTO-GEOCODED,LTE uncapped primary; Tarana where tower LOS exists,,,,,,
UNJ-011,3,Maclear,Eastern Cape,Joe Gqabi,EC Interior,3,4,"ERF 3486, No 1 Church Street, Maclear",-31.0690779,28.3490852,Google Places,AUTO-GEOCODED,LTE uncapped primary; Tarana where tower LOS exists,,,,,,
UNJ-012,3,Maletswai,Eastern Cape,Joe Gqabi,EC Interior,3,4,"Cnr Phooko Street & Bantu Street, Aliwal North",-30.6916039,26.6937806,Google Places,AUTO-GEOCODED,LTE uncapped primary; Tarana where tower LOS exists,,,,,,
UNJ-013,3,Sterkspruit,Eastern Cape,Joe Gqabi,EC Interior,3,4,"Stand 2A, Herschell Road, Sterkspruit",-30.529351,27.3600035,Google Places,AUTO-GEOCODED,LTE uncapped primary; Tarana where tower LOS exists,,,,,,
UNJ-030,3,Bethlehem,Free State,Thabo Mofutsanyane,FS Eastern Highlands,4,5,"9969 Manye Street, Bohlokong Location, Bethlehem",-28.2223042,28.3216218,Google Places,AUTO-GEOCODED,LTE uncapped; LEO satellite fallback,,,,,,
UNJ-027,3,Botshabelo,Free State,Mangaung,Mangaung Metro,4,5,"Stand 656 Section H1, next to Caltex Garage, Botshabelo",-29.2089376,26.7074323,Google Places,AUTO-GEOCODED,LTE uncapped; LEO satellite fallback,,,,,,
UNJ-023,3,Deneysville,Free State,Fezile Dabi,FS Northern (Fezile Dabi),4,5,"All Nations Ministries, 3060 Mbeki Section, Refengkgotso, Deneysville",-26.8912317,28.0854166,Google Places,AUTO-GEOCODED,LTE uncapped; LEO satellite fallback,,,,,,
UNJ-028,3,Dewetsdorp,Free State,Mangaung,Mangaung Metro,4,5,"No 8 McLeod Street, Dewetsdorp",-29.5793078,26.665796,Google Places,AUTO-GEOCODED,LTE uncapped; LEO satellite fallback,,,,,,
UNJ-029,3,Heidedal,Free State,Mangaung,Mangaung Metro,4,5,"Mangaung Resource Centre, McGregor Street, Heidedal, Bloemfontein",-29.1329167,26.237,Google Places,AUTO-GEOCODED,LTE uncapped; LEO satellite fallback,,,,,,
UNJ-031,3,QwaQwa,Free State,Thabo Mofutsanyane,FS Eastern Highlands,4,5,"721c Mahanke Street, Beirut, QwaQwa",-28.5404848,28.8328183,Google Places,AUTO-GEOCODED,LTE uncapped; LEO satellite fallback,,,,,,
UNJ-024,3,Viljoenskroon,Free State,Fezile Dabi,FS Northern (Fezile Dabi),4,5,"19 Denyssen Street, Viljoenskroon",-27.2098184,26.9452824,Google Places,AUTO-GEOCODED,LTE uncapped; LEO satellite fallback,,,,,,
UNJ-026,3,Virginia,Free State,Lejweleputswa,FS Lejweleputswa,5,5,"19 Grysbok Avenue, Virginia",-28.1077965,26.8707989,Google Places,AUTO-GEOCODED,LTE uncapped; LEO satellite fallback,,,,,,
UNJ-025,3,Zamdela,Free State,Fezile Dabi,FS Northern (Fezile Dabi),4,5,"11711 Ruth First Street, Mmabana Day-care Centre, Harry Gwala, Zamdela, Sasolburg",-26.8556017,27.8762593,Google Places,AUTO-GEOCODED,LTE uncapped; LEO satellite fallback,,,,,,
UNJ-106,3,Evaton,Gauteng,Sedibeng,Vaal Triangle (Sedibeng),3,2,"700 Adams Road, Muthi House Taxi Rank, Evaton",-26.5353392,27.8461825,Google Places,AUTO-GEOCODED,Tarana FWB 50 Mbps or 5G; LTE fallback,,,,,,
UNJ-052,3,Ga-Rankuwa,Gauteng,City of Tshwane,Tshwane North Peri-Urban,2,1,"1733DM Seemise Street, Unit 7, Ga-Rankuwa",-25.5773512,28.0189494,Google Places,AUTO-GEOCODED,Tarana FWB 50 Mbps primary; LTE uncapped fallback,Tshwane municipality but peri-urban - split from metro core,,,,,
UNJ-053,3,Hammanskraal,Gauteng,City of Tshwane,Tshwane North Peri-Urban,2,1,"BEEO Complex, Cnr Harry Gwala and Old Warmbaths Road, Hammanskraal",-25.402518,28.282488,CircleTel pilot survey,FIELD-VERIFIED,Tarana FWB 50 Mbps primary; LTE uncapped fallback,Tshwane municipality but peri-urban - split from metro core,,,,,
UNJ-107,3,Heidelberg,Gauteng,Sedibeng,Vaal Triangle (Sedibeng),3,2,"Heidelberg Mall, Cnr Groenfontein Road & Jacobs Street, Heidelberg",-26.49487,28.369121,CircleTel pilot survey,FIELD-VERIFIED,Tarana FWB 50 Mbps or 5G; LTE fallback,,,,,,
UNJ-054,3,Itsoseng,Gauteng,City of Tshwane,Tshwane North Peri-Urban,2,1,"3358 Itsoseng, Phase 8 M17 Road, Mabopane",-25.5416297,28.0741119,Google Places,AUTO-GEOCODED,Tarana FWB 50 Mbps primary; LTE uncapped fallback,Tshwane municipality but peri-urban - split from metro core,,,,,
UNJ-103,3,Kagiso,Gauteng,Mogale City,West Rand,3,2,"Kagiso Community Hall, 64B Geba Street, Ext 12, Kagiso",-26.1798904,27.7867261,Google Places,AUTO-GEOCODED,Tarana FWB 50 Mbps or 5G; LTE fallback,,,,,,
UNJ-102,3,Khutsong,Gauteng,Merafong,West Rand,3,2,"5706 Sompane Drive, Mosiane View, Khutsong Ext 2",-26.3323034,27.3260688,Google Places,AUTO-GEOCODED,Tarana FWB 50 Mbps or 5G; LTE fallback,,,,,,
UNJ-056,3,Klippan,Gauteng,City of Tshwane,Tshwane North Peri-Urban,2,1,"Stand No 1379, Paving Street, Klippan, Winterveldt",-25.446755,28.064858,CircleTel pilot survey,FIELD-VERIFIED,Tarana FWB 50 Mbps primary; LTE uncapped fallback,Tshwane municipality but peri-urban - split from metro core,,,,,
UNJ-105,3,Mohlakeng,Gauteng,Rand West,West Rand,3,2,"3815 Stoffel Thejane Street, Mohlakeng, Randfontein",-26.2185804,27.6966234,Google Places,AUTO-GEOCODED,Tarana FWB 50 Mbps or 5G; LTE fallback,,,,,,
UNJ-061,3,Mooiplaas,Gauteng,City of Tshwane,Tshwane North Peri-Urban,2,1,"Entrance of Mooiplaas before taxi rank, Mooiplaas",-25.8487516,28.0966392,Google Places,AUTO-GEOCODED,Tarana FWB 50 Mbps primary; LTE uncapped fallback,Tshwane municipality but peri-urban - split from metro core,,,,,
UNJ-108,3,Ratanda,Gauteng,Sedibeng,Vaal Triangle (Sedibeng),3,2,"Ratanda Mall Shop 19, Cnr Blesbok & Protea Street, Ratanda Ext 4, Heidelberg",-26.5580762,28.3335404,Google Places,AUTO-GEOCODED,Tarana FWB 50 Mbps or 5G; LTE fallback,,,,,,
UNJ-104,3,Rietvallei,Gauteng,Mogale City,West Rand,3,2,"Cnr 3rd and 4th Avenue, Rietvallei Ext 2",-26.1915388,27.7490007,Google Places,AUTO-GEOCODED,Tarana FWB 50 Mbps or 5G; LTE fallback,,,,,,
UNJ-109,3,Sebokeng,Gauteng,Sedibeng,Vaal Triangle (Sedibeng),3,2,"Thabong Shopping Centre, Moshoeshoe Street, Sebokeng Unit 10",-26.5983947,27.8478978,Google Places,AUTO-GEOCODED,Tarana FWB 50 Mbps or 5G; LTE fallback,,,,,,
UNJ-110,3,Sicelo,Gauteng,Sedibeng,Vaal Triangle (Sedibeng),3,2,"No 59, Cnr Gourley Street and Johan Le Roux Road, Sicelo, Meyerton",-26.556296,27.988037,CircleTel pilot survey,FIELD-VERIFIED,Tarana FWB 50 Mbps or 5G; LTE fallback,,,,,,
UNJ-111,3,Skycity,Gauteng,Sedibeng,Vaal Triangle (Sedibeng),3,2,"22 Heidelberg Road, Garthdal AH, Midvaal, Vereeniging",-26.4200274,28.1095581,Google Places,AUTO-GEOCODED,Tarana FWB 50 Mbps or 5G; LTE fallback,,,,,,
UNJ-067,3,Soshanguve,Gauteng,City of Tshwane,Tshwane North Peri-Urban,2,1,"7274 Faranani Drive, Soshanguve Block P, Soshanguve",-25.491432,28.127103,CircleTel pilot survey,FIELD-VERIFIED,Tarana FWB 50 Mbps primary; LTE uncapped fallback,Tshwane municipality but peri-urban - split from metro core,,,,,
UNJ-068,3,South View,Gauteng,City of Tshwane,Tshwane North Peri-Urban,2,1,"Stand 24284, Soshanguve South Ext 6, Soshanguve",-25.5982652,28.0852869,Google Places,AUTO-GEOCODED,Tarana FWB 50 Mbps primary; LTE uncapped fallback,Tshwane municipality but peri-urban - split from metro core,,,,,
UNJ-069,3,Stinkwater,Gauteng,City of Tshwane,Tshwane North Peri-Urban,2,1,"3176 Thintha Street, Mokone Block, Stinkwater, Hammanskraal",-25.410248,28.159594,Google Places,AUTO-GEOCODED,Tarana FWB 50 Mbps primary; LTE uncapped fallback,Tshwane municipality but peri-urban - split from metro core,,,,,
UNJ-112,3,Tshepiso,Gauteng,Sedibeng,Vaal Triangle (Sedibeng),3,2,"Stand 2413/4 Tshepiso Crossing, Tshepiso Phase 3, Sharpeville",-26.6661431,27.8639654,Google Places,AUTO-GEOCODED,Tarana FWB 50 Mbps or 5G; LTE fallback,,,,,,
UNJ-072,3,Winterveldt,Gauteng,City of Tshwane,Tshwane North Peri-Urban,2,1,"BMW Centre, Mabopane Road, Winterveldt",-25.4922506,28.0696435,Google Places,AUTO-GEOCODED,Tarana FWB 50 Mbps primary; LTE uncapped fallback,Tshwane municipality but peri-urban - split from metro core,,,,,
UNJ-140,3,Amandawe,KwaZulu-Natal,Umdoni,KZN South Coast,4,5,"P197-3, Amandawe, near Amandawe Junior Primary School",-30.2592369,30.7098716,Google Places,AUTO-GEOCODED,LTE uncapped; LEO satellite fallback,,,,,,
UNJ-148,3,Bhamshela,KwaZulu-Natal,iLembe,iLembe,4,5,"R614 Noordsberg Road, Bhamshela, Ozwathini",-29.3754484,30.881643,Google Places,AUTO-GEOCODED,LTE uncapped; LEO satellite fallback,,,,,,
UNJ-113,3,Emondlo,KwaZulu-Natal,AbaQulusi,KZN Northern Interior,3,4,"Cnr Luthela Avenue and Gobinsimbi Road, opposite Emondlo Mall, Vryheid",-27.982888,30.7270918,Google Places,AUTO-GEOCODED,LTE uncapped primary; Tarana where tower LOS exists,,,,,,
UNJ-128,3,Empangeni,KwaZulu-Natal,King Cetshwayo,KZN Northern Interior,3,4,"Maxwell Centre, 45 Maxwell Street, Empangeni Central",-28.7447064,31.889837,Google Places,AUTO-GEOCODED,LTE uncapped primary; Tarana where tower LOS exists,,,,,,
UNJ-129,3,Eshowe,KwaZulu-Natal,King Cetshwayo,KZN Northern Interior,3,4,"10 Mangosuthu Drive, Eshowe",-28.89129,31.4732189,Google Places,AUTO-GEOCODED,LTE uncapped primary; Tarana where tower LOS exists,,,,,,
UNJ-135,3,Ezakheni,KwaZulu-Natal,UThukela,KZN Northern Interior,3,4,"Zakheni Plaza, Mkhogi Street, Ezakheni A",-28.613408,29.929264,Google Places,AUTO-GEOCODED,LTE uncapped primary; Tarana where tower LOS exists,,,,,,
UNJ-144,3,Greytown,KwaZulu-Natal,Umvoti,uMgungundlovu / Midlands,3,4,"Unit 12, 103 Durban Street, Greytown",-29.061057,30.5948568,Google Places,AUTO-GEOCODED,LTE uncapped primary; Tarana where tower LOS exists,,,,,,
UNJ-149,3,KwaDukuza,KwaZulu-Natal,iLembe,iLembe,4,5,"Lot 409, Mbatha Street, Shakaville, KwaDukuza",-29.3247145,31.3007696,Google Places,AUTO-GEOCODED,LTE uncapped; LEO satellite fallback,,,,,,
UNJ-136,3,Loskop,KwaZulu-Natal,UThukela,KZN Northern Interior,3,4,"Loskop Road Tatane, next to African Church, Loskop",-28.9421001,29.6246871,Google Places,AUTO-GEOCODED,LTE uncapped primary; Tarana where tower LOS exists,,,,,,
UNJ-131,3,Machibisa,KwaZulu-Natal,Msunduzi,uMgungundlovu / Midlands,3,4,"9 Plessislaer Road, Edendale, Pietermaritzburg",-29.6450701,30.3268382,Google Places,AUTO-GEOCODED,LTE uncapped primary; Tarana where tower LOS exists,,,,,,
UNJ-114,3,Madadeni,KwaZulu-Natal,Amajuba,KZN Northern Interior,3,4,"E7829 Section 5, Siphiwe Nyana Road, Madadeni",-27.7551018,30.0450568,Google Places,AUTO-GEOCODED,LTE uncapped primary; Tarana where tower LOS exists,,,,,,
UNJ-150,3,Manguzi,KwaZulu-Natal,uMkhanyakude,KZN Far North,4,5,"Manguzi Town, Sibiya Jacobs Place, Main Road opposite taxi rank, Manguzi",-26.9899975,32.755926,Google Places,AUTO-GEOCODED,LTE uncapped; LEO satellite fallback,,,,,,
UNJ-141,3,Mbazwana,KwaZulu-Natal,Umhlabuyalingana,KZN Far North,4,5,"Mbazwana Crossing Shopping Centre, Cnr R22 and P447, Mbazwana",-27.4803002,32.5815088,Google Places,AUTO-GEOCODED,LTE uncapped; LEO satellite fallback,,,,,,
UNJ-134,3,Mtubatuba,KwaZulu-Natal,Mtubatuba,KZN Far North,4,5,"Lot 202 Jan Smuts Avenue, Mtubatuba",-28.4156505,32.1889133,Google Places,AUTO-GEOCODED,LTE uncapped; LEO satellite fallback,,,,,,
UNJ-138,3,Mtwalume,KwaZulu-Natal,Ugu,KZN South Coast,4,5,"Mnafu Area Ward 19, KwaSadam Road, opposite Boxer Mall, Mtwalume",-30.5001111,30.5961111,Google Places,AUTO-GEOCODED,LTE uncapped; LEO satellite fallback,,,,,,
UNJ-132,3,New Hanover,KwaZulu-Natal,Msunduzi,uMgungundlovu / Midlands,3,4,"2 Dale Street, New Hanover",-29.3561846,30.5290535,Google Places,AUTO-GEOCODED,LTE uncapped primary; Tarana where tower LOS exists,,,,,,
UNJ-147,3,Nongoma,KwaZulu-Natal,Zululand,KZN Northern Interior,3,4,"77 Masson Street, opposite Nongoma Lodge, Nongoma",-27.9072945,31.6490384,Google Places,AUTO-GEOCODED,LTE uncapped primary; Tarana where tower LOS exists,,,,,,
UNJ-145,3,Nquthu,KwaZulu-Natal,Umzinyathi,KZN Northern Interior,3,4,"Nquthu Taxi Rank, Manzolwandle Road, Nquthu",-28.2130766,30.6713208,Google Places,AUTO-GEOCODED,LTE uncapped primary; Tarana where tower LOS exists,,,,,,
UNJ-142,3,Nzalabantu,KwaZulu-Natal,Umhlathuze,KZN Northern Interior,3,4,Address not published on locator,-28.7165,32.1653056,Google Places,AUTO-GEOCODED,LTE uncapped primary; Tarana where tower LOS exists,,,,,,
UNJ-115,3,Osizweni,KwaZulu-Natal,Amajuba,KZN Northern Interior,3,4,"Eskom no 698, Dicks Farm, Osizweni",-27.7445755,30.157938,Google Places,AUTO-GEOCODED,LTE uncapped primary; Tarana where tower LOS exists,,,,,,
UNJ-130,3,Richards Bay,KwaZulu-Natal,King Cetshwayo,KZN Northern Interior,3,4,"10 Peseta Parade, Richards Bay",-28.7464683,32.0473586,Google Places,AUTO-GEOCODED,LTE uncapped primary; Tarana where tower LOS exists,,,,,,
UNJ-133,3,Sweetwaters,KwaZulu-Natal,Msunduzi,uMgungundlovu / Midlands,3,4,"Mkangala Road, Sweetwaters, Pietermaritzburg",-29.596516,30.2837353,Google Places,AUTO-GEOCODED,LTE uncapped primary; Tarana where tower LOS exists,,,,,,
UNJ-139,3,Ulundi,KwaZulu-Natal,Ulundi,KZN Northern Interior,3,4,"King Senzangakhona Centre, Cnr King Dinizulu Hwy and Princess Magogo Street, Ulundi",-28.3027277,31.4217366,Google Places,AUTO-GEOCODED,LTE uncapped primary; Tarana where tower LOS exists,,,,,,
UNJ-146,3,Umsinga,KwaZulu-Natal,Umzinyathi,KZN Northern Interior,3,4,"Mthembu Traditional Council, R33 Main Road, Malomini Area, Tugela Ferry",-28.7623611,30.4449167,Google Places,AUTO-GEOCODED,LTE uncapped primary; Tarana where tower LOS exists,,,,,,
UNJ-137,3,uMnambithi,KwaZulu-Natal,UThukela,KZN Northern Interior,3,4,"No 1682 Tsakane Street, Steadville, uMnambithi (Ladysmith)",-28.5737206,29.8242205,Google Places,AUTO-GEOCODED,LTE uncapped primary; Tarana where tower LOS exists,,,,,,
UNJ-116,3,uMzimkhulu,KwaZulu-Natal,City of Tshwane,KZN South Coast,4,5,"Stand 656, 726 Main Road, uMzimkhulu",-30.2583202,29.9408344,Google Places,AUTO-GEOCODED,LTE uncapped; LEO satellite fallback,Published district is incorrect - corrected,,,,,
UNJ-193,3,Bakenberg,Limpopo,Waterberg,Waterberg,3,4,"Stand 110D, Mmotong Village, Bakenberg",-23.8631391,28.7649981,Google Places,AUTO-GEOCODED,LTE uncapped primary; Tarana where tower LOS exists,,,,,,
UNJ-194,3,Bela Bela,Limpopo,Waterberg,Waterberg,3,4,"204 Mile Street, Bela Bela",-24.8853406,28.3099731,Google Places,AUTO-GEOCODED,LTE uncapped primary; Tarana where tower LOS exists,,,,,,
UNJ-153,3,Botlokwa,Limpopo,Capricorn,Capricorn / Polokwane,2,3,"Stand 1508, next to N1, Mphakane Village, Dwarsrivier, Botlokwa",-23.5011375,29.7196406,Google Places,AUTO-GEOCODED,Tarana FWB 50 Mbps primary; LTE uncapped fallback,,,,,,
UNJ-168,3,Burgersdorp (LP),Limpopo,Mopani,Mopani,2,3,"Stand 613, Lydenburg Road, Burgersdorp",-23.9931111,30.3114167,Google Places,AUTO-GEOCODED,Tarana FWB 50 Mbps primary; LTE uncapped fallback,,,,,,
UNJ-169,3,Ga-Kgapane,Limpopo,Mopani,Mopani,2,3,"Stand 13, Cnr D447 & Modjadjiskloof Road, Ga-Kgapane",-23.6449633,30.2160903,Google Places,AUTO-GEOCODED,Tarana FWB 50 Mbps primary; LTE uncapped fallback,,,,,,
UNJ-164,3,Ga-Maphopha,Limpopo,Greater Tubatse,Greater Sekhukhune,2,3,"Moshate Ga Maphopha, Greater Tubatse",-24.8531248,29.9620669,Google Places,AUTO-GEOCODED,Tarana FWB 50 Mbps primary; LTE uncapped fallback,,,,,,
UNJ-154,3,Ga-Matlala,Limpopo,Capricorn,Capricorn / Polokwane,2,3,"Cnr R567 and Ga-Matlala Road, Stand 10005, opposite Tibane Mall, Tibane",-23.6381031,29.0147627,Google Places,AUTO-GEOCODED,Tarana FWB 50 Mbps primary; LTE uncapped fallback,,,,,,
UNJ-170,3,Ga-Sekgopo,Limpopo,Mopani,Mopani,2,3,"Stand 207, Motseketla, Ga-Sekgopo",-23.6085833,29.9858889,Google Places,AUTO-GEOCODED,Tarana FWB 50 Mbps primary; LTE uncapped fallback,,,,,,
UNJ-171,3,Giyani,Limpopo,Mopani,Mopani,2,3,"Stand BA 56, Giyani CBD, Giyani",-23.3067824,30.6932061,Google Places,AUTO-GEOCODED,Tarana FWB 50 Mbps primary; LTE uncapped fallback,,,,,,
UNJ-184,3,Jamela,Limpopo,Vhembe,Vhembe,2,3,"Stand 350, behind Tokyo Filling Station, R81 Giyani Road, Jamela Village",-23.4511781,30.3600785,Google Places,AUTO-GEOCODED,Tarana FWB 50 Mbps primary; LTE uncapped fallback,,,,,,
UNJ-165,3,Jane Furse,Limpopo,Greater Tubatse,Greater Sekhukhune,2,3,"Jane Furse RDP, Stand 366, Jane Furse",-24.7603662,29.8486568,Google Places,AUTO-GEOCODED,Tarana FWB 50 Mbps primary; LTE uncapped fallback,,,,,,
UNJ-172,3,Ka-Mpakani,Limpopo,Mopani,Mopani,2,3,"Stand 298, next to R529 Tzaneen & Giyani Road, Ka-Mpakani Village",-23.614496,30.685054,Google Places,AUTO-GEOCODED,Tarana FWB 50 Mbps primary; LTE uncapped fallback,,,,,,
UNJ-185,3,KaMajosi,Limpopo,Vhembe,Vhembe,2,3,"Stand 219, Main Road, Majosi Village",-23.2188833,30.3265109,Google Places,AUTO-GEOCODED,Tarana FWB 50 Mbps primary; LTE uncapped fallback,,,,,,
UNJ-155,3,Lebowakgomo,Limpopo,Capricorn,Capricorn / Polokwane,2,3,"House 1811 Zone F, opposite Mall@Lebo, Lebowakgomo",-24.3165088,29.476706,Google Places,AUTO-GEOCODED,Tarana FWB 50 Mbps primary; LTE uncapped fallback,,,,,,
UNJ-195,3,Lephalale,Limpopo,Waterberg,Waterberg,3,4,"Marapong Shopping Centre, Relebogile Street, Lephalale",-23.65519,27.620197,Google Places,AUTO-GEOCODED,LTE uncapped primary; Tarana where tower LOS exists,,,,,,
UNJ-173,3,Mahlakung,Limpopo,Mopani,Mopani,2,3,"Stand 1171, Moropung Mmola Road, Mahlakung Mall, Ga-Sekororo",-24.2391875,30.4433594,Google Places,AUTO-GEOCODED,Tarana FWB 50 Mbps primary; LTE uncapped fallback,,,,,,
UNJ-186,3,Malamulele,Limpopo,Vhembe,Vhembe,2,3,"778 Mangasteel Complex, Cnr R81 and Main Road, Malamulele",-23.0069332,30.6853,Google Places,AUTO-GEOCODED,Tarana FWB 50 Mbps primary; LTE uncapped fallback,,,,,,
UNJ-157,3,Mankweng,Limpopo,Capricorn,Capricorn / Polokwane,2,3,"Stand 655, Mankweng Unit B, Mankweng",-23.8840655,29.7105954,Google Places,AUTO-GEOCODED,Tarana FWB 50 Mbps primary; LTE uncapped fallback,,,,,,
UNJ-158,3,Mentz,Limpopo,Capricorn,Capricorn / Polokwane,2,3,"Stand 192, Motsepe Wholesale, R71, Mentz-Matshilapata",-23.9112755,29.7772395,Google Places,AUTO-GEOCODED,Tarana FWB 50 Mbps primary; LTE uncapped fallback,,,,,,
UNJ-196,3,Modimolle,Limpopo,Waterberg,Waterberg,3,4,"No 254 Gys Van Rooyen Street, Modimolle",-24.6957762,28.4140706,Google Places,AUTO-GEOCODED,LTE uncapped primary; Tarana where tower LOS exists,,,,,,
UNJ-179,3,Monsterlus,Limpopo,Sekhukhune,Greater Sekhukhune,2,3,"Stand 18, Jerusalem Section, Monsterlus",-25.0044848,29.718627,Google Places,AUTO-GEOCODED,Tarana FWB 50 Mbps primary; LTE uncapped fallback,,,,,,
UNJ-180,3,Moteti,Limpopo,Sekhukhune,Greater Sekhukhune,2,3,"Stand 361B, Staan n Kyk, Moteti A",-25.236828,29.0439473,Google Places,AUTO-GEOCODED,Tarana FWB 50 Mbps primary; LTE uncapped fallback,,,,,,
UNJ-181,3,Moutse Mall,Limpopo,Sekhukhune,Greater Sekhukhune,2,3,"Moutse Mall, R25 Bronkhorstspruit Road, Dennilton",-25.28059,29.184553,Google Places,AUTO-GEOCODED,Tarana FWB 50 Mbps primary; LTE uncapped fallback,,,,,,
UNJ-174,3,Muhlava Village,Limpopo,Mopani,Mopani,2,3,"Stand 2578, Muhlava Village",-23.9277006,30.2683636,Google Places,AUTO-GEOCODED,Tarana FWB 50 Mbps primary; LTE uncapped fallback,,,,,,
UNJ-187,3,Musina,Limpopo,Vhembe,Vhembe,2,3,"Cnr Isaac Singo and Elias Ramuthivheli Street, Nancefield, Musina",-22.3341189,30.0243556,Google Places,AUTO-GEOCODED,Tarana FWB 50 Mbps primary; LTE uncapped fallback,,,,,,
UNJ-188,3,Mutale,Limpopo,Vhembe,Vhembe,2,3,"Tshilamba Shopping Centre, R523, Tshilamba, Mutale",-22.7439713,30.5316735,Google Places,AUTO-GEOCODED,Tarana FWB 50 Mbps primary; LTE uncapped fallback,,,,,,
UNJ-175,3,Nkambako,Limpopo,Mopani,Mopani,2,3,"Stand A0287, Ward F, R529 Giyani Road, Nkambako",-23.7426245,30.4778999,Google Places,AUTO-GEOCODED,Tarana FWB 50 Mbps primary; LTE uncapped fallback,,,,,,
UNJ-166,3,Nokaneng,Limpopo,Greater Tubatse,Greater Sekhukhune,2,3,"Stand 502, R579 Main Road, Kalkfontein, Nokaneng",-24.886837,30.063297,CircleTel pilot survey,FIELD-VERIFIED,Tarana FWB 50 Mbps primary; LTE uncapped fallback,,,,,,
UNJ-197,3,Northam,Limpopo,Waterberg,Waterberg,3,4,"172 Opal Street, Ext 2, Northam",-24.952446,27.263548,Google Places,AUTO-GEOCODED,LTE uncapped primary; Tarana where tower LOS exists,,,,,,
UNJ-159,3,Perskebult,Limpopo,Capricorn,Capricorn / Polokwane,2,3,"Mmotong wa Perekisi, Universal Furniture Complex, Stand 1339, Ga-Ranoto, Perskebult",-23.7945651,29.3494407,Google Places,AUTO-GEOCODED,Tarana FWB 50 Mbps primary; LTE uncapped fallback,,,,,,
UNJ-176,3,Phalaborwa,Limpopo,Mopani,Mopani,2,3,"Namakgale Crossing, Calvin Ngobeni Street, Namakgale, Phalaborwa",-23.9273125,31.025632,Google Places,AUTO-GEOCODED,Tarana FWB 50 Mbps primary; LTE uncapped fallback,,,,,,
UNJ-160,3,Ramongoane,Limpopo,Capricorn,Capricorn / Polokwane,2,3,"161 Ramongoane, R521 Road",-23.7141286,29.4042612,Google Places,AUTO-GEOCODED,Tarana FWB 50 Mbps primary; LTE uncapped fallback,,,,,,
UNJ-151,3,Riba Cross,Limpopo,Burgersfort,Greater Sekhukhune,2,3,"Stand 141, Riba Cross, Burgersfort",-24.6227829,30.2027698,Google Places,AUTO-GEOCODED,Tarana FWB 50 Mbps primary; LTE uncapped fallback,,,,,,
UNJ-189,3,Saselamani,Limpopo,Vhembe,Vhembe,2,3,"Stand 217, opposite Usave, R542 Main Road, Saselamani",-22.834431,30.8560252,Google Places,AUTO-GEOCODED,Tarana FWB 50 Mbps primary; LTE uncapped fallback,,,,,,
UNJ-161,3,Sebayeng,Limpopo,Capricorn,Capricorn / Polokwane,2,3,"Stand 287, Thari Street, Sebayeng A, Sebayeng",-23.776765,29.6915183,Google Places,AUTO-GEOCODED,Tarana FWB 50 Mbps primary; LTE uncapped fallback,,,,,,
UNJ-162,3,Senwabarwana,Limpopo,Capricorn,Capricorn / Polokwane,2,3,"Stand 346, Ext 3, Bochum, Senwabarwana",-23.2867002,29.1405789,Google Places,AUTO-GEOCODED,Tarana FWB 50 Mbps primary; LTE uncapped fallback,,,,,,
UNJ-163,3,Seshego,Limpopo,Capricorn,Capricorn / Polokwane,2,3,"Mohlakaneng Shopping Centre, Polokwane Drive, Seshego, Polokwane",-23.8521705,29.4009666,Google Places,AUTO-GEOCODED,Tarana FWB 50 Mbps primary; LTE uncapped fallback,,,,,,
UNJ-182,3,Tafelkop,Limpopo,Sekhukhune,Greater Sekhukhune,2,3,"Stand MC 19, Dipakapakeng, Tafelkop",-25.034208,29.5315305,Google Places,AUTO-GEOCODED,Tarana FWB 50 Mbps primary; LTE uncapped fallback,,,,,,
UNJ-198,3,Thabazimbi,Limpopo,Waterberg,Waterberg,3,4,"Thaba Mall, 5 Warmbaths Road, Thabazimbi",-24.5896667,27.3979167,Google Places,AUTO-GEOCODED,LTE uncapped primary; Tarana where tower LOS exists,,,,,,
UNJ-190,3,Thohoyandou,Limpopo,Vhembe,Vhembe,2,3,"905 Block P East, R523 Main Road, Thohoyandou",-22.9808687,30.4568349,Google Places,AUTO-GEOCODED,Tarana FWB 50 Mbps primary; LTE uncapped fallback,,,,,,
UNJ-177,3,Tiyani,Limpopo,Mopani,Mopani,2,3,"Stand 1549, Xihimu, Tiyani Village",-23.2952524,30.3253635,Google Places,AUTO-GEOCODED,Tarana FWB 50 Mbps primary; LTE uncapped fallback,,,,,,
UNJ-199,3,Tshamahansi,Limpopo,Waterberg,Waterberg,3,4,"Stand 727, N11, Tshamahansi Village, Mokopane",-24.0755673,28.9720275,Google Places,AUTO-GEOCODED,LTE uncapped primary; Tarana where tower LOS exists,,,,,,
UNJ-191,3,Tshikota,Limpopo,Vhembe,Vhembe,2,3,"1623 Kganakga Street, Tshikota, Louis Trichardt",-23.0458881,29.8810707,Google Places,AUTO-GEOCODED,Tarana FWB 50 Mbps primary; LTE uncapped fallback,,,,,,
UNJ-152,3,Tukakgomo,Limpopo,Burgersfort,Greater Sekhukhune,2,3,"Stand 98, next to Usave, Tukakgomo",-24.7420826,30.1496261,Google Places,AUTO-GEOCODED,Tarana FWB 50 Mbps primary; LTE uncapped fallback,,,,,,
UNJ-178,3,Tzaneen,Limpopo,Mopani,Mopani,2,3,"99 Agatha Street, Tzaneen",-23.8233154,30.1625062,Google Places,AUTO-GEOCODED,Tarana FWB 50 Mbps primary; LTE uncapped fallback,,,,,,
UNJ-192,3,Vuwani,Limpopo,Vhembe,Vhembe,2,3,"Stand 159, Tshino Mukondeleli, Vuwani",-23.1290215,30.4167931,Google Places,AUTO-GEOCODED,Tarana FWB 50 Mbps primary; LTE uncapped fallback,,,,,,
UNJ-201,3,Acornhoek,Mpumalanga,Ehlanzeni,Ehlanzeni Lowveld,1,3,"Stand 320, Greenvalley, Khelang, Acornhoek",-24.6072056,31.0379333,Google Places,AUTO-GEOCODED,Tarana FWB 50 Mbps primary; LTE uncapped fallback,,,,,,
UNJ-217,3,Balfour,Mpumalanga,Gert Sibande,Gert Sibande,3,4,"1140 Verdoorn Street, Balfour",-26.6606133,28.5848267,Google Places,AUTO-GEOCODED,LTE uncapped primary; Tarana where tower LOS exists,,,,,,
UNJ-224,3,Bethal,Mpumalanga,Govan Mbeki,Govan Mbeki,4,5,"31 Jabulani Selepe Street, Bethal",-26.455002,29.460549,Google Places,AUTO-GEOCODED,LTE uncapped; LEO satellite fallback,,,,,,
UNJ-203,3,Bushbuckridge,Mpumalanga,Ehlanzeni,Ehlanzeni Lowveld,1,3,"Stand 252, R40 Main Road, Bushbuckridge",-24.8362004,31.0727099,Google Places,AUTO-GEOCODED,Tarana FWB 50 Mbps primary; LTE uncapped fallback,,,,,,
UNJ-218,3,Carolina,Mpumalanga,Gert Sibande,Gert Sibande,3,4,"73 Voortrekker Street, Carolina",-26.066508,30.110143,Google Places,AUTO-GEOCODED,LTE uncapped primary; Tarana where tower LOS exists,,,,,,
UNJ-219,3,Daggakraal,Mpumalanga,Gert Sibande,Gert Sibande,3,4,"432 Sinqobile A, Daggakraal",-27.129695,29.9570867,Google Places,AUTO-GEOCODED,LTE uncapped primary; Tarana where tower LOS exists,,,,,,
UNJ-204,3,Delmas,Mpumalanga,Ehlanzeni,Nkangala,3,4,"Cnr R42 and Nelson Mandela Drive, Delmas",-26.1027483,28.6795827,Google Places,AUTO-GEOCODED,LTE uncapped primary; Tarana where tower LOS exists,Published district is incorrect - corrected,,,,,
UNJ-220,3,Elukwatini,Mpumalanga,Gert Sibande,Gert Sibande,3,4,"Stand 308, Elukwatini Crossing, Main Road, Elukwatini",-26.0380669,30.7889246,Google Places,AUTO-GEOCODED,LTE uncapped primary; Tarana where tower LOS exists,,,,,,
UNJ-229,3,Emalahleni,Mpumalanga,Nkangala,Nkangala,3,4,"KG Mall, Cnr N4 Highway & Matthew Phosa Street, Emalahleni",-25.8706424,29.130249,Google Places,AUTO-GEOCODED,LTE uncapped primary; Tarana where tower LOS exists,,,,,,
UNJ-225,3,Embalenhle,Mpumalanga,Govan Mbeki,Govan Mbeki,4,5,"Stand 17979 Ext 7, Ebenezer Ministries Church, Embalenhle",-26.5678851,29.079206,Google Places,AUTO-GEOCODED,LTE uncapped; LEO satellite fallback,,,,,,
UNJ-221,3,Ermelo,Mpumalanga,Gert Sibande,Gert Sibande,3,4,"327 Mabilisa Street, Wesselton, Ermelo",-26.5165688,29.9708962,Google Places,AUTO-GEOCODED,LTE uncapped primary; Tarana where tower LOS exists,,,,,,
UNJ-205,3,Hluvukani,Mpumalanga,Ehlanzeni,Ehlanzeni Lowveld,1,3,"Thatha Taxi Rank, Stand 30003 Clara C, Cnr Welverdiend Road, Hluvukani",-24.6472384,31.3457923,Google Places,AUTO-GEOCODED,Tarana FWB 50 Mbps primary; LTE uncapped fallback,,,,,,
UNJ-206,3,Kabokweni,Mpumalanga,Ehlanzeni,Ehlanzeni Lowveld,1,3,"Stand 0318, Simunye Building, Main Road, Kabokweni",-25.3147971,31.1628868,Google Places,AUTO-GEOCODED,Tarana FWB 50 Mbps primary; LTE uncapped fallback,,,,,,
UNJ-207,3,Kanyamazane,Mpumalanga,Ehlanzeni,Ehlanzeni Lowveld,1,3,"Kanyamazane Centre, Chris Hani Street, Kanyamazane",-25.4664032,31.1804162,Google Places,AUTO-GEOCODED,Tarana FWB 50 Mbps primary; LTE uncapped fallback,,,,,,
UNJ-230,3,Kriel,Mpumalanga,Nkangala,Nkangala,3,4,"1L Lewellyn, next to Engen garage, Kriel",-26.2513339,29.258074,Google Places,AUTO-GEOCODED,LTE uncapped primary; Tarana where tower LOS exists,,,,,,
UNJ-231,3,Kwamhlanga,Mpumalanga,Nkangala,Nkangala,3,4,"1836 Street 63, Phola Park, R573 Moloto Road, KwaMagagela",-25.4019967,28.7623081,Google Places,AUTO-GEOCODED,LTE uncapped primary; Tarana where tower LOS exists,,,,,,
UNJ-208,3,Lillydale,Mpumalanga,Ehlanzeni,Ehlanzeni Lowveld,1,3,"37 Lillydale Main Road, Lillydale",-24.8926296,31.3875732,Google Places,AUTO-GEOCODED,Tarana FWB 50 Mbps primary; LTE uncapped fallback,,,,,,
UNJ-226,3,Marapyane,Mpumalanga,JS Moroka,JS Moroka,4,5,"1233B Tshwaro Section, Marapyane",-25.008198,28.787221,Google Places,AUTO-GEOCODED,LTE uncapped; LEO satellite fallback,,,,,,
UNJ-222,3,Mayflower,Mpumalanga,Gert Sibande,Gert Sibande,3,4,"ERF IA21, next to Mpuluzi Sawmill, Mayflower",-26.3171372,30.785249,Google Places,AUTO-GEOCODED,LTE uncapped primary; Tarana where tower LOS exists,,,,,,
UNJ-216,3,Middelburg,Mpumalanga,Emalahleni,Nkangala,3,4,"Stand 10072, 16th Crescent Ext 6, Mhluzi, Middelburg",-25.7654653,29.4048947,Google Places,AUTO-GEOCODED,LTE uncapped primary; Tarana where tower LOS exists,,,,,,
UNJ-210,3,Mjejane,Mpumalanga,Ehlanzeni,Ehlanzeni Lowveld,1,3,"Portion of Symington 16JU, Mjejane Trust, Hectorspruit",-25.4444219,31.7131447,Google Places,AUTO-GEOCODED,Tarana FWB 50 Mbps primary; LTE uncapped fallback,,,,,,
UNJ-211,3,Mkhuhlu,Mpumalanga,Ehlanzeni,Ehlanzeni Lowveld,1,3,"Mkhuhlu Plaza, R536, Mkhuhlu",-24.9859473,31.2457404,Google Places,AUTO-GEOCODED,Tarana FWB 50 Mbps primary; LTE uncapped fallback,,,,,,
UNJ-232,3,Moloto,Mpumalanga,Nkangala,Nkangala,3,4,"116/117 Block 7 Moloto, Moloto Road",-25.4512875,28.6448094,Google Places,AUTO-GEOCODED,LTE uncapped primary; Tarana where tower LOS exists,,,,,,
UNJ-212,3,Nelspruit,Mpumalanga,Ehlanzeni,Ehlanzeni Lowveld,1,3,"15 Samora Machel Drive, Nelspruit Central, Mbombela",-25.4709015,30.9805641,Google Places,AUTO-GEOCODED,Tarana FWB 50 Mbps primary; LTE uncapped fallback,,,,,,
UNJ-213,3,Nkomazi,Mpumalanga,Ehlanzeni,Ehlanzeni Lowveld,1,3,"Nkomazi Plaza, R571 & Tonga Road, Nkomazi",-25.671782,31.854658,Google Places,AUTO-GEOCODED,Tarana FWB 50 Mbps primary; LTE uncapped fallback,,,,,,
UNJ-227,3,Siyabuswa,Mpumalanga,JS Moroka,JS Moroka,4,5,"Stand 2082, Section B, Siyabuswa",-25.1119236,29.048902,Google Places,AUTO-GEOCODED,LTE uncapped; LEO satellite fallback,,,,,,
UNJ-214,3,Thulamahashe,Mpumalanga,Ehlanzeni,Ehlanzeni Lowveld,1,3,"Thulamahashe Plaza, Section C, Thulamahashe",-24.7388435,31.1966518,Google Places,AUTO-GEOCODED,Tarana FWB 50 Mbps primary; LTE uncapped fallback,,,,,,
UNJ-215,3,Tonga,Mpumalanga,Ehlanzeni,Ehlanzeni Lowveld,1,3,"Tonga Filling Station, Tonga Street, Tonga",-25.6862365,31.7831525,Google Places,AUTO-GEOCODED,Tarana FWB 50 Mbps primary; LTE uncapped fallback,,,,,,
UNJ-228,3,Vaalbank,Mpumalanga,JS Moroka,JS Moroka,4,5,"1545 Ext A, Vaalbank",-25.1518443,28.8586216,Google Places,AUTO-GEOCODED,LTE uncapped; LEO satellite fallback,,,,,,
UNJ-200,3,Violet Bank,Mpumalanga,Bushbuckridge,Ehlanzeni Lowveld,1,3,"Stand F05, London F, Ward 11, Violet Bank",-24.776891,31.0511038,Google Places,AUTO-GEOCODED,Tarana FWB 50 Mbps primary; LTE uncapped fallback,,,,,,
UNJ-223,3,Vukuzakhe,Mpumalanga,Gert Sibande,Gert Sibande,3,4,"Cnr Mavuso & Ibengwana Street, Vukuzakhe",-27.3644028,29.9037781,Google Places,AUTO-GEOCODED,LTE uncapped primary; Tarana where tower LOS exists,,,,,,
UNJ-241,3,Bloemhof,North West,Dr Ruth Segomotsi Mompati,NW Far West,4,5,"3250 Gopane Street Ext 10, Coverdale, Bloemhof",-27.6422371,25.5797601,Google Places,AUTO-GEOCODED,LTE uncapped; LEO satellite fallback,,,,,,
UNJ-249,3,Boikhutso,North West,Ngaka Modiri Molema,NW Mahikeng / Zeerust,3,4,"2043 Khudu Street, Boikhutso Location, Lichtenburg",-26.1800422,26.137313,Google Places,AUTO-GEOCODED,LTE uncapped primary; Tarana where tower LOS exists,,,,,,
UNJ-233,3,Boitekong,North West,Bojanala,NW Platinum Belt,2,3,"Tlou Street & P16-2, Boitekong Ext 24, Rustenburg",-25.61132,27.2758867,Google Places,AUTO-GEOCODED,Tarana FWB 50 Mbps primary; LTE uncapped fallback,,,,,,
UNJ-250,3,Dinokana,North West,Ngaka Modiri Molema,NW Mahikeng / Zeerust,3,4,"Stand 2653 Itireleng Section, Dinokana",-25.451921,25.867809,CircleTel pilot survey,FIELD-VERIFIED,LTE uncapped primary; Tarana where tower LOS exists,,,,,,
UNJ-239,3,Ikageng,North West,Dr Kenneth Kaunda,NW Klerksdorp / Potch,4,5,"Ikageng Gate, Cnr Zinn & Triomf Streets, Potchefstroom",-26.7193508,27.0647583,Google Places,AUTO-GEOCODED,LTE uncapped; LEO satellite fallback,,,,,,
UNJ-251,3,Jouberton,North West,Ngaka Modiri Molema,NW Klerksdorp / Potch,4,5,"15598 Kopanong Drive, Ext 2, Jouberton, Klerksdorp",-26.895262,26.5989283,Google Places,AUTO-GEOCODED,LTE uncapped; LEO satellite fallback,Published district is incorrect - corrected,,,,,
UNJ-252,3,Kanana,North West,Ngaka Modiri Molema,NW Klerksdorp / Potch,4,5,"20657 JD Khumalo Street Ext 13, Kanana, Orkney",-26.9421944,26.6491667,Google Places,AUTO-GEOCODED,LTE uncapped; LEO satellite fallback,Published district is incorrect - corrected,,,,,
UNJ-240,3,Khuma,North West,Dr Kenneth Kaunda,NW Klerksdorp / Potch,4,5,"6670 Mokgethi Street, Khuma, Stilfontein",-26.8481113,26.8594542,Google Places,AUTO-GEOCODED,LTE uncapped; LEO satellite fallback,,,,,,
UNJ-247,3,Ledig,North West,Moses Kotane,NW Platinum Belt,2,3,"Stand 181, Hospital View, Ledig",-25.3714483,27.0505371,Google Places,AUTO-GEOCODED,Tarana FWB 50 Mbps primary; LTE uncapped fallback,,,,,,
UNJ-253,3,Lehurutshe,North West,Ngaka Modiri Molema,NW Mahikeng / Zeerust,3,4,"Lehurutshe Shopping Centre, Lehurutshe Unit 2",-25.4928,25.985706,Google Places,AUTO-GEOCODED,LTE uncapped primary; Tarana where tower LOS exists,,,,,,
UNJ-234,3,Letlhabile,North West,Bojanala,NW Platinum Belt,2,3,"Gereformeerde Kerk, 2038 Letlhabile Block A, Letlhabile",-25.4869375,27.8361094,Google Places,AUTO-GEOCODED,Tarana FWB 50 Mbps primary; LTE uncapped fallback,,,,,,
UNJ-235,3,Madikwe,North West,Bojanala,NW Platinum Belt,2,3,"298 Kukama Street, Madikwe",-25.3540697,26.5295601,Google Places,AUTO-GEOCODED,Tarana FWB 50 Mbps primary; LTE uncapped fallback,,,,,,
UNJ-245,3,Mahikeng,North West,Mahikeng,NW Mahikeng / Zeerust,3,4,"The Crossing, Bessemer Street, Mafikeng Industrial, Mahikeng",-25.8362633,25.6340031,Google Places,AUTO-GEOCODED,LTE uncapped primary; Tarana where tower LOS exists,,,,,,
UNJ-236,3,Mogwase,North West,Bojanala,NW Platinum Belt,2,3,"515 Unit 2, Kagiso Drive, Mogwase",-25.2800126,27.2149144,Google Places,AUTO-GEOCODED,Tarana FWB 50 Mbps primary; LTE uncapped fallback,,,,,,
UNJ-237,3,Mooinooi,North West,Bojanala,NW Platinum Belt,2,3,"Bellingham Street, Mooinooi",-25.7508035,27.5571677,Google Places,AUTO-GEOCODED,Tarana FWB 50 Mbps primary; LTE uncapped fallback,,,,,,
UNJ-248,3,Moruleng,North West,Moses Kotane,NW Platinum Belt,2,3,"20266 Rasepane Section, Moruleng",-25.1545081,27.1778095,Google Places,AUTO-GEOCODED,Tarana FWB 50 Mbps primary; LTE uncapped fallback,,,,,,
UNJ-246,3,Oukasie,North West,Moretele,NW Platinum Belt,2,3,"Joseph Catholic Church, Portion 628 Roodekopjes, Oukasie, Brits",-25.6141362,27.7923058,Google Places,AUTO-GEOCODED,Tarana FWB 50 Mbps primary; LTE uncapped fallback,,,,,,
UNJ-244,3,Ramogodi,North West,Madibeng,NW Platinum Belt,2,3,"Cnr Pilan and Kgoare Road, Ramogodi",-25.6178262,27.963733,Google Places,AUTO-GEOCODED,Tarana FWB 50 Mbps primary; LTE uncapped fallback,,,,,,
UNJ-238,3,Sondela,North West,Bojanala,NW Platinum Belt,2,3,"Sondela Taxi Rank, 17074 Boitekong Ext 22, Sondela, Rustenburg",-25.6139939,27.2626648,Google Places,AUTO-GEOCODED,Tarana FWB 50 Mbps primary; LTE uncapped fallback,,,,,,
UNJ-243,3,Swartruggens,North West,Kgetleng River,NW Mahikeng / Zeerust,3,4,"Aletta Street, Swartruggens",-25.6500875,26.686674,Google Places,AUTO-GEOCODED,LTE uncapped primary; Tarana where tower LOS exists,,,,,,
UNJ-242,3,Vryburg,North West,Dr Ruth Segomotsi Mompati,NW Far West,4,5,"50 Market Street, next to Shoprite, Vryburg",-26.9574975,24.7251682,Google Places,AUTO-GEOCODED,LTE uncapped; LEO satellite fallback,,,,,,
UNJ-254,3,Zeerust,North West,Ngaka Modiri Molema,NW Mahikeng / Zeerust,3,4,"Shop 35, Autumn Leaf Mall, Zeerust",-25.54558,26.099705,Google Places,AUTO-GEOCODED,LTE uncapped primary; Tarana where tower LOS exists,,,,,,
UNJ-255,3,Kimberley,Northern Cape,Frances Baard,Northern Cape,5,5,"Erf 21985, John Daka Phase 2, Kimberley",-28.7209375,24.7240625,Google Places,AUTO-GEOCODED,LTE uncapped; LEO satellite fallback,,,,,,
UNJ-259,3,George,Western Cape,George,Garden Route,5,5,"1 Saagmeul Street, George East, George",-33.9573887,22.4569853,Google Places,AUTO-GEOCODED,LTE uncapped; LEO satellite fallback,,,,,,
